{"assets/fonts/Ubuntu-Italic.ttf":["assets/fonts/Ubuntu-Italic.ttf"],"assets/fonts/Ubuntu-Regular.ttf":["assets/fonts/Ubuntu-Regular.ttf"],"assets/fonts/UbuntuMono-Regular.ttf":["assets/fonts/UbuntuMono-Regular.ttf"],"assets/icons/app_icon.png":["assets/icons/app_icon.png"],"assets/icons/tray_icon.ico":["assets/icons/tray_icon.ico"],"assets/icons/tray_icon.png":["assets/icons/tray_icon.png"],"assets/icons/tray_icon.svg":["assets/icons/tray_icon.svg"],"assets/icons/tray_icon_windows.svg":["assets/icons/tray_icon_windows.svg"],"packages/cupertino_icons/assets/CupertinoIcons.ttf":["packages/cupertino_icons/assets/CupertinoIcons.ttf"],"packages/handy_window/assets/handy-window-dark.css":["packages/handy_window/assets/handy-window-dark.css"],"packages/handy_window/assets/handy-window.css":["packages/handy_window/assets/handy-window.css"],"packages/yaru/assets/fonts/Ubuntu-B.ttf":["packages/yaru/assets/fonts/Ubuntu-B.ttf"],"packages/yaru/assets/fonts/Ubuntu-BI.ttf":["packages/yaru/assets/fonts/Ubuntu-BI.ttf"],"packages/yaru/assets/fonts/Ubuntu-L.ttf":["packages/yaru/assets/fonts/Ubuntu-L.ttf"],"packages/yaru/assets/fonts/Ubuntu-LI.ttf":["packages/yaru/assets/fonts/Ubuntu-LI.ttf"],"packages/yaru/assets/fonts/Ubuntu-M.ttf":["packages/yaru/assets/fonts/Ubuntu-M.ttf"],"packages/yaru/assets/fonts/Ubuntu-MI.ttf":["packages/yaru/assets/fonts/Ubuntu-MI.ttf"],"packages/yaru/assets/fonts/Ubuntu-R.ttf":["packages/yaru/assets/fonts/Ubuntu-R.ttf"],"packages/yaru/assets/fonts/Ubuntu-RI.ttf":["packages/yaru/assets/fonts/Ubuntu-RI.ttf"],"packages/yaru/assets/fonts/UbuntuMono-Regular.ttf":["packages/yaru/assets/fonts/UbuntuMono-Regular.ttf"],"packages/yaru/assets/yaru_icons.otf":["packages/yaru/assets/yaru_icons.otf"]}