[{"family":"MaterialIcons","fonts":[{"asset":"fonts/MaterialIcons-Regular.otf"}]},{"family":"Ubuntu","fonts":[{"asset":"assets/fonts/Ubuntu-Regular.ttf"},{"style":"italic","asset":"assets/fonts/Ubuntu-Italic.ttf"}]},{"family":"UbuntuMono","fonts":[{"asset":"assets/fonts/UbuntuMono-Regular.ttf"}]},{"family":"packages/yaru/Ubuntu","fonts":[{"weight":300,"asset":"packages/yaru/assets/fonts/Ubuntu-L.ttf"},{"weight":300,"style":"italic","asset":"packages/yaru/assets/fonts/Ubuntu-LI.ttf"},{"weight":400,"asset":"packages/yaru/assets/fonts/Ubuntu-R.ttf"},{"weight":400,"style":"italic","asset":"packages/yaru/assets/fonts/Ubuntu-RI.ttf"},{"weight":500,"asset":"packages/yaru/assets/fonts/Ubuntu-M.ttf"},{"weight":500,"style":"italic","asset":"packages/yaru/assets/fonts/Ubuntu-MI.ttf"},{"weight":700,"asset":"packages/yaru/assets/fonts/Ubuntu-B.ttf"},{"weight":700,"style":"italic","asset":"packages/yaru/assets/fonts/Ubuntu-BI.ttf"}]},{"family":"packages/yaru/YaruIcons","fonts":[{"asset":"packages/yaru/assets/yaru_icons.otf"}]},{"family":"packages/yaru/UbuntuMono","fonts":[{"asset":"packages/yaru/assets/fonts/UbuntuMono-Regular.ttf"}]},{"family":"packages/cupertino_icons/CupertinoIcons","fonts":[{"asset":"packages/cupertino_icons/assets/CupertinoIcons.ttf"}]}]